week,raw_prob,summary,explanation,true,raw_pred,tuned_pred,cal_prob,cal_pred
2024-07-08,0.65,90:UNITED STATES (https://www.nydailynews.com/2024/07/03/widow-of-queens-duck-sauce-killer-found-not-guilty-of-weapons-possession/); 120:CHRISTIAN (https://baptistnews.com/article/conservative-evangelicals-claim-they-are-being-persecuted-by-not-being-allowed-to-persecute-lgbtq-foster-kids/); 30:COMPANY (https://www.prnewswire.com/news-releases/btc-digital-ltd-announces-strategic-acquisition-of-arkansas-based-mining-facility-302189066.html); 57:SOUTH KOREA (https://www.theeastafrican.co.ke/tea/news/east-africa/samia-replaces-tra-chief-amid-diplomats-traders-tax-complaints-4677886); 14:UNITED STATES (https://www.statecollege.com/articles/spotlight-pa/abuse-and-neglect-investigations-of-aging-pennsylvanians-are-woefully-slow-the-results-can-be-devastating/); 115:PENNSYLVANIA (https://www.hindustantimes.com/world-news/us-news/pennsylvania-eatery-sues-customer-who-left-3-000-tip-on-13-meal-his-gesture-wasnt-as-kind-as-it-seemed-101719985433325.html); 233:MEXICO (https://www.latimes.com/politics/story/2024-07-03/how-the-california-border-changed-after-bidens-order-limiting-asylum); 40:UNITED STATES (https://www.texarkanagazette.com/news/2024/jul/02/community-self-help-resources/); 84:ATLANTA (https://www.washingtonpost.com/nation/2024/07/03/young-thug-trial-halts-indefinitely/); 51:KANSAS CITY (https://www.tonyskansascity.com/2024/07/rep-patty-lewis-claims-kansas-city.html),"The events in the United States, particularly the weapons possession case and the halted trial in Atlanta, suggest a potential for civil unrest. The situation at the California-Mexico border also indicates possible tension.",1,1,1,0.9541155759230818,1
2024-07-15,0.35,40:TENNESSEE (https://www.goldcoastbulletin.com.au/news/us-president-joe-biden-maintains-unenthusiastic-support-of-democratic-party/news-story/67a66e6956f8bd33d0d0f9458e7f8715?nk=e3fc5e6f6c34ad09694ad17635345c75-1720551766); 36:NORTH AMERICA (https://www.prnewswire.com/news-releases/invisible-orthodontics-market-size-in-north-america-is-set-to-grow-by-usd-3-95-billion-from-2024-2028--increasing-number-of-dental-conditions-boost-the-market-technavio-302190704.html); 42:UNITED STATES (https://www.hindustantimes.com/world-news/what-was-the-turning-point-in-prince-harry-and-meghan-markles-relationship-with-fans-in-us-experts-weigh-in-101720512879592.html); 42:NEW YORK (https://www.oleantimesherald.com/news/little-valley-hosting-american-knife-show-friday-sunday/article_cc156a00-3d62-11ef-91ae-3f1746286a33.html); 22:UNITED STATES (https://www.foxnews.com/politics/haley-calls-republican-unity-she-encourages-her-convention-delegates-support-trump); 45:COMPANIES (https://therealdeal.com/national/atlanta/2024/07/08/david-branch-launches-artisan-land-cos-for-atlanta-land-buys/); 42:TURKISH (https://news.az/news/turkish-president-erdogan-pays-visit-to-us-to-attend-nato-summit); 51:TROOPER (https://www.twincities.com/2024/07/09/state-trooper-charged-with-criminal-vehicular-homicide-in-rochester-fatal-crash/); 42:PRIME MINISTER (https://www.ethnos.gr/Politics/article/323735/natosthnepeteiakhekdhloshgiata75xroniaapothnidryshtoysymfonoyomhtsotakhsfotografies); 10:HAWAII (https://www.westhawaiitoday.com/2024/07/09/hawaii-news/new-laws-address-tourism-and-the-environment/),The events in Tennessee and the United States regarding political unity and support suggest potential for political unrest. The criminal charge against a state trooper could also incite public response.,1,0,1,0.9575402754307282,1
2024-07-22,0.65,20:LAWMAKER (https://www.wnem.com/2024/07/15/michigan-lawmakers-call-unity-calm-rhetoric-following-trump-assassination-attempt/); 46:SPAIN (https://www.sbsun.com/2024/07/16/shut-out-of-riversides-mission-inn-docents-now-give-tours-from-sidewalk/); 1124:LEGISLATURE (https://www.spartaindependent.com/news/local-news/school-of-conservation-budget-rises-BD3500650); 43:UNITED STATES (https://chicago.suntimes.com/crime/2024/07/16/grandma-50-million-trust-fund-fake-scammer-chicago); 110:NIGERIA (https://247ureports.com/2024/07/court-dismisses-emefieles-application-for-medical-trip/); 51:UNITED STATES (https://talkingpointsmemo.com/news/the-gospel-of-matthew-trewhella-how-a-militant-anti-abortion-activist-is-influencing-republican-politics); 43:QATAR (https://dohanews.co/debut-in-doha-tunisias-taher-jaoui-unveils-first-solo-exhibit-in-katara/); 10:UNITED STATES (https://www.yahoo.com/news/biden-criticise-trump-appropriately-rally-015538674.html); 43:SCHOOL (https://www.dailymail.co.uk/news/article-13637727/donald-trump-jd-vance-hillbilly-senator-idiot-vice-president.html); 46:KING (https://www.11alive.com/article/news/politics/advocacy-groups-raise-concerns-georgia-state-election-board-meeting/85-15111bd2-2342-45f9-b93c-b09eb07bdc06),The assassination attempt on Trump (20:LAWMAKER) and the influence of a militant anti-abortion activist on Republican politics (51:UNITED STATES) suggest a heightened political tension that could lead to a strike event.,1,1,1,0.9541155759230818,1
2024-07-29,0.65,10:JOE BIDEN (https://abcnews.go.com/Politics/wireStory/2024-election-latest-harris-secured-support-earn-partys-112191327); 42:SCOT (https://www.tribstar.com/opinion/columns/john-krull-j-d-vance-a-hillbilly-no-longer/article_1dd41090-4528-11ef-9b83-673930abf632.html); 20:ATTORNEY GENERAL (https://city-countyobserver.com/indiana-attorney-general-and-former-secretary-of-state-todd-rokita-co-leads-22-states-in-calling-on-congress-to-pass-the-safeguard-american-voter-eligibility-save-act/); 172:FLORIDA (https://www.wtxl.com/news/florida-news/a-florida-school-district-banned-ban-this-book-author-wants-it-reinstated); 40:A US (https://www.livehindustan.com/international/story-kamala-harris-wins-support-within-democractic-party-to-face-donald-trump-in-us-president-election-2024-10526988.html); 60:SIKH (https://www.thestar.com.my/aseanplus/aseanplus-news/2024/07/23/kamala-harris-get-muted-response-in-india-as-few-see-change-in-us-ties); 13:UNITED STATES (https://www.oxygen.com/killer-relationship-with-faith-jenkins/crime-news/why-did-michael-blagg-murder-his-wife-jennifer-in); 10:CITY MAYOR (https://www.algemeiner.com/2024/07/23/violent-attack-north-carolina-library-jewish-victim-receives-new-threat/); 51:PRESIDENT (https://www.wcpo.com/news/state/state-ohio/ohio-democrats-fall-in-line-behind-kamala-harris-but-republicans-say-dems-are-being-unfair-to-dem-voters); 50:COMPANY (https://www.yahoo.com/news/ambulance-rides-cost-thousands-latest-211004599.html),"The events related to 'JOE BIDEN' and 'PRESIDENT' indicate political tension, which could lead to strikes. The 'FLORIDA' event about a book ban suggests potential for educational protests.",1,1,1,0.9541155759230818,1
2024-08-05,0.85,173:UNITED STATES (https://www.fox29.com/news/police-announce-arrests-2-men-unrelated-deadly-shootings-kensington); 173:PRISON (https://www.kwtx.com/2024/07/30/special-place-hell-you-guys-lorena-isd-parents-frustrated-over-districts-latest-response-lawsuit-student-sex-assault-case/); 43:UNITED STATES (https://www.yahoo.com/news/biden-calls-trump-immunity-decision-215235379.html); 51:ADVOCATE (https://www.reporter.net/indiana/news/loaded-debate-indianas-struggle-with-gun-control/article_7e86b9aa-4439-11ef-a8f2-5b3c504516d2.html); 42:UNITED STATES (https://www.fox5dc.com/news/fedex-worker-dies); 40:UNITED STATES (https://accesswdun.com/article/2024/7/1255011); 110:UNITED STATES (https://www.nbcphiladelphia.com/news/national-international/prosecutor-opposes-rust-armorers-request-for-release-as-she-seeks-new-trial-for-set-shooting/3927396/); 1823:ISRAEL (https://www.thetimes.com/world/us-world/article/islamophobic-incidents-rise-by-70-percent-in-us-amid-israel-hamas-war-8l27ndbs0); 173:NEIGHBORHOOD (https://www.yahoo.com/news/pd-teen-flees-woman-car-175108029.html); 15:MEXICO (https://www.wvnews.com/theet/theet/news/local/west-virginia-sex-offender-accused-of-traveling-to-mexico-without-registering-pleads-guilty/article_67369ed4-4e9b-11ef-978d-2b343a2067e3.html),"The high number of events in the United States, including shootings and legal issues, suggest a high probability of a strike event. The rise in Islamophobic incidents in the US also indicates a tense social climate.",1,1,1,0.9516880006743809,1
2024-08-12,0.45,72:UNITED STATES (https://www.wkyt.com/2024/08/05/body-recovered-lake-cumberland-after-search/); 43:THE WHITE HOUSE (https://www.courthousenews.com/europe-treads-carefully-as-us-presidential-race-heats-up/); 51:MUSLIM (https://nypost.com/2024/08/06/us-news/pa-gov-josh-shapiro-says-work-far-from-finished-after-vp-snub-as-sources-say-kamala-harris-was-afraid-hed-steal-the-spotlight/); 17:UNITED STATES (https://lonestar925.iheart.com/featured/bo-and-jim/content/2024-08-06-billy-idol-belts-out-rebel-yell-atop-the-empire-state-building/); 51:SCHOOL (https://www.progressive-charlestown.com/2024/08/gop-charge-that-harris-backed-taxpayer.html); 114:UNITED STATES (https://www.daytondailynews.com/local/miami-valley-ctc-shows-off-massive-updated-school-to-new-students-families/2ZEAY5262FEY3POLNPOFGIREM4/); 43:HALLE (https://www.kphrfm.com/2024/08/05/halle-berry-exits-ryan-murphy-legal-drama-alls-fair-on-hulu/); 43:MEDIA (https://isthmus.com/events/elijah-holbrook-courtney-zelany-nathan-clemons-mcw/?occ_dtstart=2024-08-06T20:00); 46:UNITED STATES (https://www.bostonglobe.com/2024/08/05/metro/karen-read-argues-double-jeopardy-prevents-murder-retrial/); 173:TEXAS (https://www.latintimes.com/texas-gov-abbott-celebrates-latest-arrest-10-most-wanted-criminal-illegal-immigrants-list-557311),The events related to the White House and the US Presidential race indicate political tension which could lead to strikes. The event in Texas about the arrest of a most-wanted criminal suggests potential for retaliation.,1,0,1,0.9564267555806546,1
2024-08-19,0.45,10:IRANIAN (https://www.globalsecurity.org/wmd/library/news/iran/2024/iran-240812-presstv06.htm); 10:UNITED STATES (https://www.yahoo.com/news/two-arrested-springfield-drug-firearm-143724424.html); 62:ALASKA (https://www.youralaskalink.com/homepage/soldiers-of-alaska-army-national-guard-return-home-after-kuwait-deployment/article_e9ea6cfe-590c-11ef-b452-bf555178ed9b.html); 51:UNITED STATES (https://pagesix.com/2024/08/13/style/halle-berry-shows-lots-of-skin-in-sheer-ensemble-at-the-union-premiere/); 43:CALIFORNIA (https://www.dailymail.co.uk/tvshowbiz/article-13739767/Only-Murders-Building-season-4s-trailer-sees-Selena-Gomez-Steve-Martin-Martin-Short-starring-Eva-Longoria-Melissa-McCarthy.html); 193:UNITED STATES (https://metro.co.uk/2024/08/13/man-forced-ex-girlfriend-watch-dig-grave-killed-her-21416907/); 36:STUDENT (https://www.hcpress.com/avery/avery-county-schools-to-open-2024-2025-year-for-students-on-wednesday-august-14.html); 20:OHIO (https://kvia.com/your-voice-your-vote/politics/cnn-us-politics/2024/08/13/read-republican-vice-presidential-nominee-jd-vances-financial-disclosure/); 42:COMMUNITY (https://www.arlnow.com/2024/08/13/meet-the-87-year-old-arlingtonian-who-cleans-glencarlyn-park-every-morning/); 51:TAMA (https://nypost.com/2024/08/13/us-news/sen-bob-casey-defends-tim-walz-against-stolen-valor-claims-should-be-lauded-and-commended/),The events in Iran and the return of soldiers from Kuwait in Alaska could potentially escalate tensions leading to a strike. The violent event in the US also indicates a possible increase in domestic unrest.,1,0,1,0.9564267555806546,1
2024-08-26,0.65,173:CATHOLIC (https://thetablet.org/national-black-catholic-congress-xiii-to-be-held-in-washington/); 42:UNITED STATES (https://www.wdbj7.com/2024/08/19/sandel-retire-president-virginia-western-community-college/); 36:CONGRESS (https://www.speaker.gov/2024/08/13/speaker-johnson-and-leader-jeffries-to-host-sixth-annual-congressional-hackathon/); 51:JOE BIDEN (https://www.columbian.com/news/2024/aug/20/wa-delegates-at-dnc-giddy-as-kamala-harris-takes-reins-from-biden/); 90:CHICAGO (https://www.alo.rs/vesti/svet/945063/u-cikagu-protesti-protiv-rata-u-gazi-ispred-mesta-gde-se-odrzava-konvencija-demokrata/vest); 17:CATHOLIC (https://kdhlradio.com/ixp/67/p/paynesville-church-celebrating-its-quasquicentennial-anniversary/); 20:PRIME MINISTER (https://thepressproject.gr/blinken-o-netaniachou-ypostirizei-tin-amerikaniki-protasi-gefyra-gia-ekecheiria-sti-gaza/); 120:IRAN (https://www.alahednews.com.lb/article.php?id=73310&cid=116); 13:UNITED STATES (https://www.cnn.com/2024/08/20/style/kamala-harris-tan-suit/); 190:ACTIVIST (https://chicago.suntimes.com/2024-democratic-national-convention/2024/08/19/republican-influencers-dnc-charlie-kirk-jack-posobiec-turning-point-usa-united-center-abortion-weird),"The protests in Chicago and the high number of activist events suggest a heightened level of civil unrest. The situation in Iran could also escalate, potentially leading to strike events.",1,1,1,0.9541155759230818,1
2024-09-02,0.65,20:TEXAS (https://www.kcentv.com/article/news/community/sparta-volunteer-fire-department-asking-for-donations-to-help-with-station-improvements/500-47e0f7c8-9aba-4a8c-ae3b-a99e71d5f61b); 110:PROTESTER (https://www.noticiasaominuto.com/mundo/2622208/primeiro-manifestante-a-invadir-capitolio-condenado-a-mais-de-4-anos); 120:NEW YORK (https://www.wsjm.com/2024/08/27/luis-elizondo-offers-window-into-us-governments-hunt-for-ufos/); 10:PENNSYLVANIA (https://www.foxnews.com/politics/why-jd-vance-concentrating-three-states-red-wall-november); 110:UNITED STATES (https://www.eagletribune.com/news/new_hampshire/voters-to-decide-primary-contests-for-nh-house-senate/article_121a2e88-63e1-11ef-add4-439147204fa3.html); 20:UNITED STATES (https://www.silive.com/crime-safety/2024/08/shrouded-in-mystery-pols-want-accountability-for-teens-in-attack-on-staten-island-senior.html); 10:ISRAEL (https://unitedwithisrael.org/squad-members-criticize-biden-over-israel-support-demand-arms-embargo/); 20:UNITED STATES (https://www.marketplace.org/2024/08/27/the-push-to-erase-medical-debt-is-gaining-speed/); 43:SCHOOL (https://www.webwire.com/ViewPressRel.asp?aId=326120); 10:UNITED STATES (https://foxillinois.com/news/nation-world/investigation-underway-following-fatal-incident-at-hartsfield-jackson-atlanta-international-airport-delta-airlines-tuesday-august-27-2024),"The sentencing of the Capitol protester indicates a potential for further unrest. The criticism of Biden's Israel support could also incite strikes. Lastly, the incident at Atlanta's airport may raise security concerns, possibly leading to strikes.",1,1,1,0.9541155759230818,1
2024-09-09,0.65,43:COMMUNITY (https://www.manchesterjournal.com/community-news/explore-east-dorsets-historic-district-sept-8/article_b6e714c4-6a14-11ef-8a1c-9bda0f3bfc10.html); 190:AMERICAN (https://www.afr.com/politics/federal/trump-pleads-not-guilty-in-revised-attempted-election-overturn-case-20240904-p5k7o1); 43:STUDENT (https://www.palestineherald.com/news/with-little-transparency-or-oversight-billions-of-dollars-flow-to-private-religious-schools/article_a88e78a6-697c-11ef-88a6-ebdbe17fb5ee.html); 10:POLICE (https://newsblaze.com/usnews/crime/cold-case-murder-solved-after-34-years-how-a-marijuana-cigarette-brought-a-killer-to-justice_198811/); 42:UNITED STATES (https://www.brnow.org/news/from-the-seminaries-mbts-to-republish-spurgeon-sermons-church-planters-draw-from-sbts-experience/); 43:JAMAICA (https://nwasianweekly.com/2024/09/harris-fundraiser-highlights-aapi-political-engagement-and-support-in-seattle/); 42:THAILAND (https://www.yahoo.com/news/mpox-strain-raises-concern-among-131608765.html); 84:VENEZUELA (https://www.winnipegfreepress.com/world/2024/09/03/former-venezuelan-political-prisoner-arrested-in-miami-after-a-fatal-hit-and-run-crash-police-say); 10:UNITED STATES (https://www.wdef.com/jasper-police-department-responds-to-lawsuit-over-2023-arrest/); 51:UNDERSECRETARY (https://www.rfdtv.com/the-need-here-is-deep-hurricane-debbie-relief-for-producers-will-be-on-the-way-soon-from-usda),"The events in Venezuela and the political tension in the U.S. are key factors. The arrest of a former Venezuelan political prisoner could escalate tensions, and the ongoing political disputes in the U.S. may lead to protests or strikes.",1,1,1,0.9541155759230818,1
2024-09-16,0.65,71:UNITED STATES (https://www.wwaytv3.com/cfcc-partnered-with-linc-inc-and-achieves-success-with-pathway-home-2-program/); 10:SPOKESMAN (https://tass.com/world/1841427); 43:UNITED STATES (https://www.hindustantimes.com/india-news/india-us-are-two-great-union-of-states-rahul-gandhi-101725932301733.html); 10:LORRAINE (https://focus.ua/zakordonnij-shoubiz/667447-loren-sanches-v-dizaynerskom-plate-za-9000-dollarov-poyavilas-na-gala-vechere-v-nyu-yorke-foto); 30:EMPLOYEE (https://www.keranews.org/news/2024-09-10/the-latest-casualty-of-texas-dei-ban-faculty-groups-for-women-people-of-color-and-lgbtq); 36:DEPUTY (https://www.wbbjtv.com/2024/09/10/west-tennessee-to-commemorate-9-11-with-various-events/); 42:PRISON (https://dailypost.ng/2024/09/10/jailed-hollywood-producer-harvey-weinstein-hospitalised-for-heart-surgery/); 46:SENATE (https://www.thecentersquare.com/national/article_a9ecdd08-6ef6-11ef-ad8b-27aa480de862.html); 51:NATIONAL HOUSING CONFERENCE (https://www.housingwire.com/articles/common-sense-prevails-basel-endgame-revision/); 160:WORKER (https://diariosanrafael.com.ar/julio-totero-el-estado-ya-cumplio-su-rol-ahora-es-sumamente-necesario-que-se-proceda-a-transferir-las-acciones-de-impsa-al-sector-privado/),The high number of worker-related events (160) suggests potential labor unrest. The event related to the Texas DEI ban affecting employees (30) could also contribute to dissatisfaction leading to strikes.,1,1,1,0.9541155759230818,1
2024-09-23,0.65,42:PRESIDENT (https://www.thetimes.com/comment/register/article/from-the-archive-us-policy-on-aircraft-in-war-gz6mlr76d); 42:OHIO (https://www.mykxlg.com/news/national/ap-news-summary-at-4-44-p-m-edt/article_22f4c26f-7692-5dae-ac37-98c06e356399.html); 36:MINISTRY (https://www.nola.com/louisiana_inspired/home-visits-prevent-homelessness-and-change-lives/article_2152485c-7121-11ef-bb22-7f1f55063b25.html); 70:SCIENTIST (https://www.yahoo.com/news/walz-appointee-apparent-ccp-ties-173539435.html); 874:NORTH AMERICA (https://www.postandcourier.com/environment/turtles-south-carolina-conservation-climate-change/article_261d4c2c-6179-11ef-8d7a-578f2128d810.html); 46:UNITED STATES (https://djcoregon.com/news/2024/09/17/developer-legislator-and-museum-win-demuro-awards/); 60:UNITED STATES (https://www.business-standard.com/world-news/world-bank-pledges-additional-2-bn-to-support-critical-reforms-in-b-desh-124091700759_1.html); 10:UNITED STATES (https://www.newdelhitimes.com/suspect-in-apparent-trump-assassination-attempt-had-previous-run-ins-with-the-law/); 20:SUPREME COURT (https://www.christianpost.com:443/podcast/ryan-rouths-trump-assassination-attempt-ma-parents-battle-lgbt-education-former-trans-child-shares-story.html); 173:ILLINOIS (https://www.effinghamradio.com/2024/09/17/isp-arrest-decatur-man-for-possession-of-child-sexual-abuse-material/),"The events related to the 'PRESIDENT' and 'SUPREME COURT' suggest political tension, while the 'UNITED STATES' events indicate potential social unrest. These factors increase the likelihood of a strike event.",1,1,1,0.9541155759230818,1
2024-09-30,0.65,161:SENATOR (https://www.centralmaine.com/2024/09/23/maine-senator-suggests-half-the-state-should-consider-seceding-to-become-part-of-new-hampshire/); 173:POLICE (https://news.berkeley.edu/2024/09/24/two-centuries-later-performance-spaces-still-struggle-with-soft-censorship/); 111:CHAMBER (https://www.magnoliareporter.com/education/public_private_schools/article_08e7306e-7a83-11ef-b467-af284af4b285.html); 43:BANGLADESH (https://www.thedailystar.net/news/bangladesh/news/yunus-new-york-high-profile-meetings-lined-unga-sidelines-3710861); 42:UNITED STATES (https://www.pressdemocrat.com/article/news/donald-trump-listens-during-a-farming-event-in-rural-pennsylvania-then-thr/); 160:ISRAELI (https://www.spacewar.com/reports/US_sending_more_troops_to_Middle_East_as_tensions_grow_999.html); 40:UNITED STATES (https://abc17news.com/politics/national-politics/cnn-us-politics/2024/09/23/melania-trump-was-paid-for-a-rare-appearance-at-a-political-event-its-not-clear-who-cut-the-unusual-six-figure-check-3/); 190:CHICAGO (https://www.washingtontimes.com/news/2024/sep/24/joe-biden-border-madness-spreads-tren-de-aragua-bl/); 42:PHILEMON YANG (http://www.china.org.cn/world/2024-09/24/content_117445781.htm); 71:LEGISLATOR (https://www.wgil.com/2024/09/24/legislators-hear-need-for-more-funding-for-illinois-college-university-upkeep/),The Maine senator's suggestion of secession (161:SENATOR) could lead to civil unrest. The increase in US troops in the Middle East (160:ISRAELI) indicates rising tensions that could result in strikes.,1,1,1,0.9541155759230818,1
2024-10-07,0.65,120:AIRLINE (https://english.news.cn/northamerica/20241001/d4eb4d1ca73941cfa1ad488138e7cf91/c.html); 333:UNITED STATES (https://tribune.com.pk/story/2499984/montana-man-sentenced-to-six-months-in-prison-for-illegally-cloning-sheep); 60:UNITED STATES (https://www.yahoo.com/news/brunswick-airport-authority-fails-meet-150116431.html); 90:MURRAY (https://www.wkms.org/education/2024-10-01/murray-state-regents-hire-firm-to-conduct-search-for-next-president); 10:ISRAEL (https://www.swissinfo.ch/eng/israel-vows-response-to-iran-missile-attack-as-fears-of-conflict-escalation-rise/87649296); 36:SCHOOL (https://953thebear.com/ixp/993/p/wow-career-expo-shelton-state-2024/); 173:LOS ANGELES (https://www.newsru.co.il/world/1oct2024/calif_202.html); 30:COMMUNITY (https://www.kolotv.com/2024/10/01/new-dairy-queen-opens-south-reno/); 51:HABITAT FOR HUMANITY (https://www.yahoo.com/news/garth-brooks-trisha-yearwood-join-163312371.html); 46:WASHINGTON (https://www.mankatofreepress.com/news/state_national_news/middle-east-latest-iran-fires-ballistic-missiles-at-israel-us-calls-it-a-severe-escalation/article_7d50e309-0924-508d-9cc4-354e26424ace.html),The missile attack by Iran on Israel and the subsequent vow of retaliation by Israel significantly raises the probability of a strike event. The U.S. calling it a 'severe escalation' also adds to the tension.,1,1,1,0.9541155759230818,1
2024-10-14,0.65,120:ATTORNEY (https://www.dailynews.com/2024/10/08/judge-oks-pillowcase-rapist-release-to-antelope-valley/); 173:NEW YORK (https://wrrv.com/ixp/854/p/hudson-valley-conman-may-have-tricked-many-in-new-york-sp/); 17:UNITED STATES (https://collider.com/interstellar-10th-anniversary-imax-screenings/); 190:ISRAEL (https://www.koreatimes.co.kr:443/www/world/2024/10/501_383800.html); 10:ISRAEL (https://www.journal-news.com/news/israel-hamas-war-protesters-gather-outside-congressman-greg-landsmans-cincinnati-home/IBWINKGER5C3NJSDTBC2XDYQGM/); 114:UNITED STATES (https://kdhnews.com/news/local/killeen-mayor-files-criminal-complaints-against-a-resident-ransomware-attack-successfully-vanquished-according-to-city/article_27923d4c-836b-11ef-8002-872560ecb5db.html); 51:UNITED STATES (https://medicalxpress.com/news/2024-10-hospital-texas-florida-immigration-status.html); 42:BUCCANEER (https://wtvbam.com/2024/10/07/hurricane-milton-forces-bucs-to-new-orleans-early/); 100:FEDERAL JUDGE (https://www.kjzz.org/kjzz-news/2024-10-08/more-than-a-dozen-sky-harbor-flights-canceled-as-hurricane-milton-approaches-florida); 42:UNITED STATES (https://www.thewrap.com/seth-meyers-hbo-stand-up-special-dad-man-walking-trailer/),"The events in Israel (https://www.koreatimes.co.kr:443/www/world/2024/10/501_383800.html, https://www.journal-news.com/news/israel-hamas-war-protesters-gather-outside-congressman-greg-landsmans-cincinnati-home/IBWINKGER5C3NJSDTBC2XDYQGM/) indicate rising tensions which could lead to a strike. The ransomware attack in the US (https://kdhnews.com/news/local/killeen-mayor-files-criminal-complaints-against-a-resident-ransomware-attack-successfully-vanquished-according-to-city/article_27923d4c-836b-11ef-8002-872560ecb5db.html) also suggests potential for cyber strikes.",1,1,1,0.9541155759230818,1
2024-10-21,0.65,193:JACKSONVILLE (https://www.news4jax.com/news/local/2024/10/14/accused-killer-of-jso-officer-assaulted-2-mcdonalds-workers-over-being-charged-extra-for-bbq-sauce-in-2021-report-says/); 20:ISRAEL (https://www.eurasiareview.com/15102024-israel-does-what-it-does-it-was-always-planned-this-way-oped/); 36:PRESIDENT (https://www.yahoo.com/news/kamala-harris-l-neighbors-her-100016162.html); 10:UNITED STATES (https://www.dailysignal.com/2024/10/15/debunking-democrats-oft-repeated-anti-trump-lies/); 21:UNITED STATES (https://www.hollywoodreporter.com/news/politics-news/joe-rogan-kamala-harris-interview-podcast-1236032425/); 110:UNITED STATES (https://urbanmilwaukee.com/2024/10/15/council-could-send-peoples-flag-to-april-referendum/); 43:BUSINESS (https://dailynorthwestern.com/2024/10/14/lateststories/from-evanston-to-capitol-hill-here-are-some-wildcats-in-u-s-politics/); 40:SCHOOL (https://www.insurancebusinessmag.com/us/news/technology/north-star-mutual-ceo-on-market-challenges-and-tech-upgrades-509750.aspx); 43:MICHIGAN (https://mix957gr.com/find-michigan-polling-place-2024/); 10:ALBERT (https://concordmonitor.com/Lottery-Commision-questions-Andy-Sanborn-license-revocation-process-Concord-NH-57486703),The event in Jacksonville indicates a high level of violence and potential for further incidents. The political tensions highlighted in the Israel and President-related events could also contribute to strike events.,1,1,1,0.9541155759230818,1
2024-10-28,0.65,43:ILLINOIS (https://www.videtteonline.com/news/aclu-to-host-discussion-on-reproductive-freedoms/article_ec86c5e0-8fc9-11ef-962c-43b72d690f1d.html); 190:GOVERNMENT (https://www.nbcsandiego.com/decision-2024/elon-musk-1-million-dollars-voter-lottery-legal-gray-area-experts/3654695/); 138:MINIST (https://www.alriyadh.com/2100152); 10:CHAMBER (https://www.eastidahonews.com/2024/10/firing-squad-chamber-priced-at-1m-as-idaho-preps-for-next-execution-by-lethal-injection/); 71:UNITED STATES (https://www.lapatilla.com/2024/10/22/presidente-de-panama-senalo-al-tren-de-aragua-de-traficar-droga-y-seres-humanos-en-el-darien/); 10:UNITED STATES (https://www.yahoo.com/news/former-abercrombie-fitch-ceo-mike-162820707.html); 192:MIGRANT (https://newrepublic.com/article/186720/immigration-lawyer-helped-many-people); 190:VOTER (https://www.newsweek.com/donald-trump-kamala-harris-polls-swing-states-pennsylvania-1972702); 36:ARIZONA (https://www.deseret.com/politics/2024/10/21/swing-states-polls-trump-harris-2024/); 110:WISCONSIN (https://thehayride.com/2024/10/a-big-texas-follow-up-to-the-oct-8th-actblue-story/),The events related to 'GOVERNMENT' and 'VOTER' indicate political tension and potential for civil unrest. The 'MIGRANT' event suggests possible border conflicts. These factors increase the likelihood of a strike event.,1,1,1,0.9541155759230818,1
2024-11-04,0.65,30:UNITED STATES (https://www.beckershospitalreview.com/hr/upmc-nurses-reach-historic-deal-6-things-to-know.html); 171:UNITED STATES (https://www.latintimes.com/electoral-tragedy-miami-dade-county-ballots-fall-off-truck-near-florida-turnpike-563926); 1821:POLICE (https://wkkg.com/local-news/seymour-police-arrest-north-carolina-man-for-rape-and-sexual-misconduct-with-a-minor/); 40:UNITED STATES (https://whtc.com/2024/10/29/gop-vp-candidate-vance-speaks-in-holland/); 10:AMBASSADOR TO THE U (https://www.aol.com/news/us-says-israel-not-yet-155444189.html); 42:VILLAGE (https://www.tvazteca.com/estados-unidos/justo-al-lado-de-un-importante-parque-nacional-este-pueblo-de-california-es-imperdible-y-esta-increiblemente-conservado-cs); 112:HILLARY CLINTON (https://news.wgcu.org/2024-10-29/harris-returns-to-the-site-of-trumps-jan-6-rally-to-make-her-closing-argument); 51:UNITED STATES (https://kfiz.com/campaigning-in-full-swing-in-pivotal-swing-state-wisconsin/); 46:JEWISH (https://unitedwithisrael.org/orthodox-jew-shot-en-route-to-chicago-synagogue-suspect-charged-with-attempted-murder/); 20:VOTER (https://news.webindia123.com/news/Articles/World/20241029/4250522.html),The events of the arrest of a man for sexual misconduct (1821:POLICE) and the shooting of an Orthodox Jew (46:JEWISH) indicate a potential for violent incidents. The electoral mishap in Miami-Dade County (171:UNITED STATES) could lead to civil unrest.,1,1,1,0.9541155759230818,1
2024-11-11,0.65,40:UTAH (https://www.yahoo.com/news/praying-pastors-election-day-191232169.html); 90:NORWEGIAN (https://www.tnp.no/norway/politics/3912-snowden-mystery-in-stoltenberg-and-obama-meeting/); 190:PRISON (https://gamerant.com/monsters-season-2-menendez-brothers-released/); 71:GOVERNMENT (https://www.lifenews.com/2024/11/05/pro-life-advocate-who-kamala-harris-put-in-prison-urges-people-to-vote-for-trump/); 60:NEIGHBORHOOD (https://www.yahoo.com/news/powerball-ticket-worth-over-150k-145822529.html); 14:VOTER (https://guernseypress.com/news/world-news/2024/11/05/what-to-know-about-us-election-day/); 10:ARMY (https://www.bostonglobe.com/2024/11/04/nation/abortion-senare-maine-flag-pickleball-ban/); 10:VOTER (https://indianexpress.com/article/upsc-current-affairs/upsc-key-waqf-national-clean-air-program-and-us-presidential-election-9654848/); 51:COMMUNITY (https://tylerpaper.com/sponsored/kcfcu/kelly-community-federal-credit-union-a-legacy-of-care-and-commitment-in-smith-county/article_b8e0cf6a-9ba9-11ef-9aec-83c08d4a6a40.html); 180:UNITED STATES (https://www.ajc.com/news/nation-world/an-iran-official-claims-iranian-german-prisoner-died-before-being-put-to-death/JEU6BCIHFVCF7PLD6ZUPFIE6YA/),"The events related to 'PRISON' and 'GOVERNMENT' suggest potential unrest due to controversial legal decisions. The 'UNITED STATES' event indicates international tensions, which could lead to strike events.",1,1,1,0.9541155759230818,1
2024-11-18,0.45,20:AMERICAN (https://www.frontiersman.com/news/schools/give-thanks-where-thanks-is-due-houston-high-athletes-participate-in-veterans-day-ceremony/article_7a3368ac-a097-11ef-8fe0-9bfb00df6835.html); 120:JOE BIDEN (https://www.reviewjournal.com/news/nation-and-world/us-says-it-will-not-limit-israel-arms-transfers-3210692/); 46:WORKER (https://wcbm.com/national-headline/fema-worker-fired-for-ordering-workers-to-skip-trump-houses-impacted-by-hurricanes-in-florida-says-its-not-isolated-fema-workers-were-instructed-to-do-it-in-the-ca/); 10:UNITED STATES (https://hollywoodlife.com/feature/tony-todds-wife-5344955/); 173:ALASKA (https://www.outdoorlife.com/survival/argo-sank-arctic-river/); 36:ADMINISTRATION (https://justthenews.com/politics-policy/energy/voters-shoot-down-natural-gas-bans-harris-strongholds-while-admin-rushes); 14:VIRGINIA (https://www.cpapracticeadvisor.com/2024/11/11/federal-judges-say-google-lied-and-cheated-in-monopol/113029/); 43:FIRST LADY (https://www.wbal.com/biden-on-veterans-day-calls-for-us-to-come-together-as-a-nation/); 10:POLICE (https://www.yahoo.com/news/police-hunting-long-island-man-230029011.html); 20:MEDIA (https://www.wcvb.com/article/wildfire-drought-gov-healey-conserve-water-request/62883282),"The events related to 'JOE BIDEN' and 'ADMINISTRATION' suggest potential political instability. The 'WORKER' event indicates dissatisfaction among workers, which could lead to strikes.",1,0,1,0.9564267555806546,1
2024-11-25,0.35,43:STUDENT (https://wwd.com/business-news/business-features/detroit-college-of-creative-studies-accessories-fashion-students-1236727428/); 42:EUROPE (https://www.traveldailynews.com/statistics-trends/oasis-tour-driving-hotel-bookings-across-european-markets/); 42:UKRAINE (https://www.heraldo.es/noticias/internacional/2024/11/19/rusia-avisa-uso-misiles-largo-alcance-implica-otan-guerra-ucrania-1778843.html); 120:JUDGE (https://www.carolinajournal.com/appeals-court-upholds-transfer-of-bald-head-island-ferry-barge-to-new-private-owner/); 110:UNITED STATES (https://www.wyff4.com/article/american-idol-caleb-kennedy-dui-plea/62941004); 110:SENATOR (https://www.yahoo.com/news/republican-introduces-bill-stop-trans-022220898.html); 40:UNITED STATES (https://la.eater.com/2024/11/19/24279744/j-g-fried-chicken-taiwan-restaurant-taiwanese-irvine-orange-county); 20:NEW YORK (https://www.mycentraloregon.com/2024/11/19/hacker-stole-documents-from-file-sharing-server-used-in-matt-gaetz-civil-case-sources/); 40:UNITED STATES (https://www.latimes.com/entertainment-arts/movies/story/2024-12-19/review-mufasa-barry-jenkins-beyonce-lin-manuel-miranda-donald-glover); 46:UNITED STATES (https://huntnewsnu.com/81465/campus/meet-adrizzy-northeasterns-newest-campus-celebrity/),"The event in Ukraine involving Russia's warning about long-range missiles implies potential conflict escalation, which could lead to strikes. The US events, especially the senator's bill, could lead to protests and potential strikes.",1,0,1,0.9575402754307282,1
2024-12-02,0.65,42:NEW YORK CITY (https://www.usmagazine.com/celebrity-news/news/diddy-prosecutors-cite-threatening-staff-among-reasons-to-deny-bail/); 57:UNITED STATES (https://vz.ru/politics/2024/11/26/1299844.html); 180:UNITED STATES (https://www.wyff4.com/article/dangerous-suspect-accused-of-multiple-assaults-in-custody-deputies-say/63014482); 51:AMERICAN PSYCHOLOGICAL ASSOCIATION (https://www.kff.org/other/issue-brief/what-to-know-ahead-of-the-supreme-court-case-on-youth-access-to-gender-affirming-care/); 51:PRESIDENT (https://www.forbes.com/sites/alisondurkee/2024/11/26/how-all-of-trumps-criminal-cases-fell-apart-as-jack-smith-drops-federal-charges/); 30:AMERICAN (https://www.bozemandailychronicle.com/news/gov-gianforte-elected-vice-chairperson-of-republican-governors-association/article_cae5fb96-a7a1-11ef-ab9e-b35ccaf93231.html); 13:UNITED STATES (https://localnews8.com/news/crime-tracker/2024/11/25/judge-tells-kohbergers-defense-to-fix-court-filing/); 51:LAS VEGAS (https://www.manilatimes.net/2024/11/26/tmt-newswire/globenewswire/tantra-goddess-las-vegas-announce-couples-dynamics-sessions-to-improve-intimacy-and-connection/2011651); 84:VIRGINIA (https://wfin.com/fox-political-news/glenn-youngkin-personally-invites-new-trump-admin-to-settle-in-virginia-over-maryland-and-dc/); 51:UNITED STATES (https://www.trussvilletribune.com/2024/11/26/former-clay-chalkville-student-to-graduate-from-u-s-navy-officer-academy/),The events involving a dangerous suspect in custody (180:UNITED STATES) and Diddy's threatening behavior (42:NEW YORK CITY) suggest a heightened tension that could potentially lead to a strike event.,1,1,1,0.9541155759230818,1
2024-12-09,0.45,20:UNITED STATES (http://www.wiltonbulletin.com/politics/article/ct-richard-blumenthal-pardon-hunter-biden-trump-19953220.php); 40:UNITED STATES (https://abcnews.go.com/Politics/tuberville-praises-defense-secretary-pick-pete-hegseth-amid/story?id=116390332); 51:FRENCH (https://www.seattlemet.com/style-and-shopping/2024/12/gift-wine-combos); 61:EUROPE (https://www.modernreaders.com/news/2024/12/03/kestra-investment-management-llc-makes-new-investment-in-amcor-plc-nyseamcr.html); 80:UNITED STATES (https://www.ktiv.com/2024/12/03/man-arrested-after-pursuit-ends-with-car-ravine-northeast-nebraska/); 13:UNITED STATES (https://www.thecollegefix.com/asu-professor-condemns-anti-trafficking-movement-deviant-framing-of-sex-workers/); 40:COMPANY (https://www.yahoo.com/news/macy-staying-providence-place-court-175234967.html); 20:JUDGE (https://www.yahoo.com/news/ri-judge-denies-american-express-004916754.html); 129:LEGISLATURE (https://www.outerbanksvoice.com/2024/12/03/dare-officials-sound-alarm-over-potential-new-state-zoning-law/); 13:UNITED STATES (http://www.expressnews.com/news/border-mexico/article/henry-cuellar-floating-migrant-border-19955292.php),"The events related to political tension in the U.S. (Richard Blumenthal's pardon, Tuberville's defense secretary pick, potential new state zoning law) and the arrest after a pursuit in Nebraska could potentially escalate into strike events.",1,0,1,0.9564267555806546,1
2024-12-16,0.65,42:FARMER (https://www.agriculture.com/farmers-push-for-accountability-during-contentious-illinois-farm-bureau-meeting-8758757); 12:EUROPEAN UNION (https://tass.ru/ekonomika/22624821); 111:AMBASSADOR (https://www.blackseanews.net/read/225171); 36:TURKISH (https://lratvakan.com/news/1097993.html); 36:HAMAS (https://www.news4jax.com/news/politics/2024/12/10/us-says-it-will-support-new-syrian-leaders-who-protect-women-and-renounce-terrorism/); 40:DEPUTIES (https://www.foxnews.com/opinion/democrats-blue-state-double-down-protecting-criminal-migrants-silly-reason); 40:UNITED STATES (https://jcpost.com/posts/f3aa1607-ce27-4d00-8ac8-e5d23833023b); 43:UNITED STATES (https://www.rollingstone.com/culture/culture-news/luigi-mangione-unitedhealthcare-ceo-shooting-person-of-interest-what-we-know-1235198197/); 51:VIRGINIA BEACH (https://www.upi.com/Odd_News/2024/12/10/Guinness-World-Records-skateboarding-cross-country/8821733853763/); 173:POLICE (https://www.yahoo.com/news/sentencing-tuesday-semi-driver-vehicular-131817138.html),The events related to HAMAS and the Turkish situation indicate potential geopolitical tensions. The high number of police-related events suggests possible civil unrest or crime-related issues.,1,1,1,0.9541155759230818,1
2024-12-23,0.65,10:ILLINOIS (https://www.wsiu.org/state-of-illinois/2024-12-16/grayson-to-remain-jailed-as-state-supreme-court-considers-release-request); 20:UNITED STATES (https://www.yahoo.com/news/upper-west-side-residents-urge-034022349.html); 43:THE WHITE HOUSE (https://thedailyrecord.com/2024/12/17/kamala-harris-tells-md-students-to-stay-in-the-fight-after-the-election/); 195:JAPAN (https://japantoday.com/category/politics/trump-picks-george-glass-as-japan-ambassador1); 43:HAITI (https://www.tampabay.com/news/florida-politics/2024/12/17/politifacts-lie-year-trump-vance-claims-about-haitian-immigrants-eating-pets/); 173:NEW YORK (https://www.yahoo.com/news/donald-trumps-felony-conviction-remain-151518331.html); 181:ACTOR (https://theconversation.com/democracy-across-the-americas-is-in-crisis-245825); 46:FRANCE (https://eturbonews.com/hyatt-acquire-thompson-miami-beach-hotel-rebrand-it-confidante/); 173:EMPLOYEE (https://www.dakotanewsnow.com/2024/12/17/jackley-announce-another-state-employee-corruption-case/); 51:UNITED STATES (https://www.rewmi.com/creation-dun-tribunal-special-gambien-washington-felicite-la-cedeao/),"The events in Illinois and New York, involving legal issues and potential unrest, and the political tension in the White House could increase the likelihood of a strike. The corruption case in Dakota also adds to the probability.",1,1,1,0.9541155759230818,1
2024-12-30,0.45,40:UNITED STATES (https://gamerant.com/james-gunn-saddest-creature-commandos-episode/); 10:LANDLORD (https://www.limaohio.com/news/2024/12/24/thousands-of-cleveland-landlords-could-be-hit-with-a-200-fine/); 13:MAYOR (https://www.fox5atlanta.com/news/georgia-tax-credit-offers-lifeline-teens-aging-out-foster-care); 10:MARYLAND (https://www.somdnews.com/independent/news/local/local-stores-lawmakers-push-back-against-alcohol-sales-in-grocery-stores/article_f50af128-c14c-11ef-9808-2bb229ca6882.html); 36:ZONTA (https://scvnews.com/?blackhole=209cfb1140); 51:UNITED STATES (https://www.cnybj.com/owego-has-a-new-family-owned-wood-fired-pizza-place/); 42:UNITED STATES (https://foreignpolicy.com/2024/12/20/republican-media-talkback-radio-bob-grant/?tpcc=recirc_trending062921); 100:UNITED STATES (https://abovethelaw.com/2024/12/rudy-giuliani-defends-his-right-to-lie-to-the-court/); 43:EUROPEAN (https://www.nj.com/native-american-news/2024/12/st-louis-was-once-known-as-mound-city-for-its-many-native-american-mounds-just-one-remains.html); 173:CITIZEN (https://lenta.ru/news/2024/12/24/naemnika-iz-gruzii-osudyat-v-dnr-za-uchastie-v-boyah-na-storone-ukrainy/),"The high number of events in the United States, particularly the controversy surrounding Rudy Giuliani's court case, could lead to civil unrest. The situation in Ukraine involving a Georgian mercenary also raises concerns about potential conflict.",1,0,1,0.9564267555806546,1
2025-01-06,0.65,17:LAWMAKER (https://www.bdtonline.com/news/area-lawmakers-pay-tribute-to-the-late-president-jimmy-carter/article_05c0bc9e-c6bd-11ef-8226-6b541d80b4f9.html); 71:BUSINESS (https://www.photonics.com/Articles/US_DOE_Earmarks_179M_for_Microelectronics/p5/a70604); 40:ASTRAZENECA (https://www.sciencedaily.com/releases/2024/12/241230131910.htm); 60:COLORADO (https://gazette.com/news/statewide-safe-parking-organization-closing-while-colorado-springs-program-for-people-living-in-their-cars/article_3901dbd2-c6f5-11ef-a846-efadbc03e4db.html); 214:UNITED STATES (https://www.walb.com/2024/12/30/gbi-investigating-homerville-armed-robbery-that-left-3-injured/); 42:NEIGHBORHOOD (https://jamaicaplaingazette.com/2014/08/); 40:SENATE (https://www.yahoo.com/news/donald-trumps-choice-marco-rubio-093000048.html); 1821:THE WHITE HOUSE (https://www.yahoo.com/news/amid-ceasefire-push-palestinians-released-060553861.html); 43:UNITED STATES (https://www.dailymail.co.uk/tvshowbiz/article-14238837/David-Tennant-53-poses-sweet-selfie-wife-Georgia-Tennant-40-celebrate-13th-wedding-anniversary.html); 10:UNITED STATES (https://www.fitsnews.com/2024/12/30/lowcountry-triple-homicide-suspect-identified-new-details-unearthed/),"The armed robbery in the United States and the closing of the safe parking organization in Colorado suggest a rise in crime and social unrest, which could potentially lead to a strike event.",1,1,1,0.9541155759230818,1
2025-01-13,0.15,36:COMMUNITY (https://www.grandhaventribune.com/entertainment/music/first-presbyterian-church-to-host-jazz-concert/article_9bddc3de-d796-5e0e-b067-a08e83453eb1.html); 43:SCHOOL (https://www.republicanherald.com/2025/01/07/business-briefs-dicasimirro-chambers-member-of-the-year/); 46:SCHOOL (https://www.today.com/popculture/tv/adam-brody-leighton-meester-kids-rcna185970); 13:PROFESSOR (https://www.businessinsider.com/buried-cities-rediscovered-photos); 10:UNIVERSITY (https://www.enstarz.com/articles/238335/20250106/new-details-prince-william-kate-middletons-first-date-emerge-it-happened-before-that-famous.htm); 10:ADMINISTRATION (https://www.breitbart.com/border/2025/01/06/incoming-border-czar-celebrates-discovery-of-cartel-drug-smuggling-tunnel-under-mexico-arizona-border/); 80:FILIPINO (https://www.foreignaffairs.com/reviews/ghosts-bud-dajo-philippines-coronel); 61:COMPANIES (https://techcrunch.com/2025/01/07/alta-resource-breaks-down-e-waste-for-rare-earth-metals-that-electronics-need/); 10:JUDGE (https://www.yahoo.com/news/very-real-very-dangerous-coming-120000584.html); 60:SEATTLE (https://globalnews.ca/news/10946230/toronto-pearson-airport-new-airlines/),"The discovery of a drug smuggling tunnel (ADMINISTRATION) could lead to increased tensions and potential strikes. The 'very real, very dangerous' warning from a JUDGE also suggests potential unrest.",1,0,1,0.9596862429603271,1
2025-01-20,0.65,"36:PROSECUTOR (https://www.spokesman.com/stories/2025/jan/03/yakima-coroner-who-was-accused-of-stealing-drugs-f/); 10:PRODUCER (https://www.newsbusters.org/blogs/nb/kyle-drennen/2011/05/18/aaron-sorkin-eye-poppingly-awful-beck-and-limbaugh-have-such-hate); 163:AMERICAN (https://www.wnp.pl/nafta/te-sankcje-juz-zabolaly-rosje-moga-przytkac-cenne-zloza-ropy-naftowej,903263.html); 112:PRESIDENT (https://www.presstv.ir/Detail/2025/01/14/740883/US-Trump-wildfires-Los-Angeles-nuclear-weapon-Newsom-); 42:MALE (https://dailycaller.com/2025/01/14/dan-abrams-dem-la-mayor-karen-bass/); 130:UNITED STATES (https://ctmirror.org/2025/01/13/prospect-medical-bankruptcy-ct-hospitals/); 30:UNITED STATES (https://zn.ua/ukr/usa/virmenija-planuje-pidpisati-dohovir-pro-stratehichne-partnerstvo-zi-ssha-.html); 90:RESIDENTS (https://insideclimatenews.org/news/14012025/san-francisco-building-decarbonization-low-income-properties/); 18:AMERICAN (https://knst.iheart.com/content/2025-01-14-flight-attendant-killed-in-random-stabbing-while-on-a-layover-in-denver/); 20:UNITED STATES (https://www.yahoo.com/news/ryan-walters-sues-homeland-security-221812467.html)",The events related to the 'PRESIDENT' and 'UNITED STATES' indicate political tension and potential unrest. The 'AMERICAN' event involving a random stabbing suggests an increase in violent incidents.,1,1,1,0.9541155759230818,1
2025-01-27,0.65,52:PANAMA (https://noticiabrasil.net.br/20250121/intervencao-de-trump-na-america-do-sul-pode-ocorrer-sem-soldados-avaliam-especialistas-38197692.html); 18:UNITED STATES (https://www.dw.com/en/trump-orders-us-exit-from-paris-climate-agreement-and-who/live-71346591); 13:CANADA (https://www.airdriecityview.com/national-news/federal-cabinet-still-working-on-response-to-possible-us-tariffs-10100001); 70:MALE (https://www.shorouknews.com/columns/view.aspx?cdate=21012025&id=4cb3c2ca-6479-4f89-83d5-6e757ff7a05d); 70:LAWMAKER (https://www.northernpublicradio.org/illinois/2025-01-21/budget-constraints-caucus-tensions-face-house-speaker-welch-in-his-third-term); 46:LAW ENFORCEMENT OFFICER (https://www.yahoo.com/news/wisconsin-man-arrested-allegedly-assaulting-015102721.html); 10:SUPREME COURT (https://thehill.com/opinion/judiciary/5095928-2-blockbuster-cases-about-the-first-amendment-and-online-speech/); 45:UNITED STATES (https://www.dailymaverick.co.za/article/2025-01-21-banks-running-trump-war-rooms-as-bosses-prepare-for-trade-ructions/); 60:UNITED STATES (https://www.dw.com/uk/u-vooz-skoduut-sodo-namiru-ssa-vijti-z-organizacii/a-71360300); 180:FRANCE (https://www.aol.com/man-accused-raping-college-student-221801438.html),"The potential intervention in South America by Trump (52:PANAMA) and the US exit from the Paris climate agreement (18:UNITED STATES) could escalate tensions, increasing the likelihood of a strike. Additionally, the ongoing response to possible US tariffs (13:CANADA) could also contribute to this probability.",1,1,1,0.9541155759230818,1
2025-02-03,0.65,40:VALPARAISO (https://www.chicagotribune.com/2025/01/28/valparaiso-city-council-delves-into-school-board-president-residency-prompting-angry-public-exchange/); 13:UNITED STATES (https://www.yahoo.com/news/jan-6-proponent-andy-biggs-004832751.html); 10:UNITED STATES (https://bearingarms.com/tomknighton/2025/01/28/lets-talk-about-that-whole-a-well-regulated-militia-bit-n1227486); 20:UNITED STATES (https://news.mt.co.kr/mtview.php?no=2025012807381949934&MT_T); 10:UNITED STATES (https://www.newsweek.com/new-jersey-councilwoman-eunice-dwumfour-murder-trial-update-2022270); 111:BOSS (https://www.teleprensa.com/articulo/internacional/primera-ministra-dinamarca-recaba-apoyo-europa-amenazas-trump-groenlandia/202501281822232017710.html); 80:POLICEMAN (https://www.kenyan-post.com/2025/01/policeman-kills-us-capitol-rioter.html); 42:AMERICAN (https://larepublica.pe/agencias/2025/01/28/el-reloj-del-apocalipsis-se-acerca-un-segundo-a-la-medianoche-la-hora-del-fin-del-mundo-1956308); 36:CHICAGO (https://www.bignewsnetwork.com/news/278068247/reports-cubs-missing-key-pieces-for-japan-series); 25:THE WHITE HOUSE (https://www.spokesman.com/stories/2025/jan/27/us-colombia-back-down-from-trade-war-agree-to-resu/),"The events involving the killing of a US Capitol rioter by a policeman and the public exchange at the Valparaiso city council meeting indicate a high level of tension and potential for conflict, influencing the forecast.",1,1,1,0.9541155759230818,1
2025-02-10,0.65,110:UNITED STATES (https://www.yahoo.com/news/fired-library-director-sues-central-002000148.html); 124:MONK (https://therealdeal.com/san-francisco/2025/02/04/laughing-monk-brewery-opens-second-san-francisco-location/); 125:ASYLUM SEEKER (https://www.aporrea.org/venezuelaexterior/n400859.html); 60:POLICE (https://cbs6albany.com/news/nation-world/ny-county-police-will-assist-ice-with-detaining-illegal-migrants-accused-of-crimes-new-york-nassau-county-long-island-bruce-blakeman-trump-immigration-and-custom-enforcement); 20:MISSOURI (https://www.yahoo.com/news/bill-seeks-protect-preborn-life-010955255.html); 30:HOSPITAL (https://www.yahoo.com/news/baystate-health-eliminates-nearly-100-162523980.html); 214:LOUISIANA (https://www.ktbs.com/news/lsp-caddo-da-seek-information-in-richard-mcgee-investigation/article_968459fe-e272-11ef-965c-f7810fa75bfc.html); 110:AMERICAN CIVIL LIBERTIES UNION (https://www.nwaonline.com/news/2025/feb/03/aclu-files-lawsuit-against-saline-county-county/); 43:SCHOOL (https://chicago.suntimes.com/immigration/2025/02/03/businesses-across-chicago-area-close-some-cps-students-stay-home-for-a-day-without-immigrants); 70:EMPLOYEE (https://magicvalley.com/news/local/magic-valley-news-briefs/article_aa0b31c0-e270-11ef-840d-67bc30c69668.html),"The ACLU lawsuit and police assisting ICE in detaining migrants could lead to civil unrest and strikes. Also, the elimination of nearly 100 jobs at a hospital may provoke employee strikes.",0,1,1,0.9541155759230818,1
2025-02-17,0.65,42:DETECTIVE (https://collider.com/dexter-resurrection-cast-peter-dinklage/); 173:MAYOR (https://www.independent.co.uk/news/world/americas/us-politics/eric-adams-corruption-charges-dropped-doj-b2690165.html); 173:TEXAS (https://www.fox4news.com/news/collin-county-joseph-baker-sentenced); 51:UNITED STATES (https://www.arabnet5.com/news/google-%D8%AA%D8%AA%D9%8A%D8%AD-%D8%AE%D8%AF%D9%85%D8%A9-notebooklm-plus-%D9%84%D9%84%D9%85%D8%B3%D8%AA%D8%AE%D8%AF%D9%85%D9%8A%D9%86-%D8%A7%D9%84%D8%A3%D9%81%D8%B1%D8%A7%D8%AF-566476); 36:EGYPTIAN (https://www.ibtimes.com/jordan-king-set-tense-trump-talks-over-gaza-3763244); 213:ADMINISTRATION (https://www.nbcnews.com/politics/donald-trump/appeals-court-rejects-trump-administration-bid-reinstate-funding-freez-rcna191671); 36:RESIDENTS (https://www.hometownstations.com/news/debate-over-indian-lake-grange-solar-project-heats-up-in-logan-county/article_d6aba614-e82f-11ef-9d80-87122b0fbd2b.html); 193:POLICE (https://www.kvue.com/article/news/crime/new-details-austin-shooting-investigation-east-wonsley-drive-xavier-jones-sr-killed/269-fb1290cb-ac3d-4d9b-a662-dcb4dc264eae); 10:SENATOR (https://www.nbcnews.com/news/us-news/eric-adams-thanks-justice-department-ordering-dismissal-corruption-cha-rcna191694); 20:UNITED STATES (https://freebeacon.com/campus/trump-pledged-to-deport-pro-hamas-student-visa-holders-who-are-they/),The high number of police-related events (193) and the tension in the administration (213) suggest potential for a strike. The corruption charges dropped against the mayor (173) could also contribute to unrest.,1,1,1,0.9541155759230818,1
2025-02-24,0.65,42:TENANTS (https://www.yahoo.com/news/affordable-housing-advocates-press-lawmakers-214636814.html); 110:CALIFORNIA (https://scvnews.com/csun-vita-clinic-offering-free-tax-preparation-services/); 40:NETHERLANDS (https://www.fruitnet.com/fruitnet/delphys-new-division-targets-growth-in-north-america/265167.article); 172:AIR FORCE (https://www.theguardian.com/culture/2025/feb/18/stephen-colbert-trump); 40:UNITED STATES (https://www.vibe.com/news/movies-tv/cynthia-erivo-cast-jesus-christ-superstar-1235042695/); 46:PRESBYTERIAN (https://www.kpcnews.com/thestar/article_a75c09fc-ed3f-11ef-9244-63cd30e8d8ca.html); 10:UNITED STATES (https://www.yahoo.com/news/york-governor-considers-removing-mayor-220109032.html); 81:UNITED STATES (https://www.yahoo.com/news/casey-desantis-florida-governor-wife-205317347.html); 42:MICHIGAN (https://www.yahoo.com/news/michigan-political-landscape-may-help-223615568.html); 51:UNITED STATES (https://globegazette.com/news/local/immigration-enforcement-fears-north-iowa/article_0d03c1ee-e4cd-11ef-92ba-4b12af3da502.html),"The events related to 'TENANTS' and 'CALIFORNIA' suggest potential socio-economic unrest, which could lead to strikes. The 'UNITED STATES' events indicate political tension, which may also contribute to the likelihood of strikes.",1,1,1,0.9541155759230818,1
2025-03-03,0.65,40:UNITED STATES (https://www.wfaa.com/article/news/local/dallas-county/neiman-marcus-closing-dallas-texas-press-conference-history/287-3b20e20d-56f4-47c8-82b6-773bffe33b13); 80:MOSCOW (https://news.az/news/-gbor-stier-hungary-loses-up-to-7-billion-annually-due-to-war-and-sanctions-interview); 46:RUSSIAN (https://www.teraz.sk/zahranicie/starmer-britania-bude-cez-vikend-host/859412-clanok.html); 111:GERMANY (https://consortiumnews.com/2025/02/25/ukraine-timeline-tells-the-tale/); 51:PRINCE (https://www.turnto23.com/news/in-your-neighborhood/bakersfield/frederick-prince-highlights-contributions-of-african-americans-during-black-history-month); 190:UKRAINE (https://www.dewereldmorgen.be/artikel/2025/02/24/explosieve-toespraak-van-jeffrey-sachs-in-het-europees-parlement/); 14:GREENPEACE (https://www.carbonbrief.org/daily-brief/in-rome-talks-to-protect-earths-biodiversity-resume-with-money-topping-the-agenda/); 43:AMERICAN (https://www.glasgowtimes.co.uk/news/scottish-news/24961860.popular-american-band-host-exciting-glasgow-gig/); 42:SOUTH KOREAN (https://dunyanews.tv/en/World/870084-south-korean-minister-heads-to-washington-seeking-exemption-from-trump); 120:VICTORIA (https://www.latimes.com/california/story/2025-02-25/kern-county-immigration-raid-new-reality-farmworkers),The events in Moscow and Ukraine indicate ongoing geopolitical tensions which could lead to strikes. The South Korean minister's visit to Washington seeking exemption also suggests potential conflict.,1,1,1,0.9541155759230818,1
2025-03-10,0.65,172:UNITED STATES (https://lancasteronline.com/news/local/lamar-clarks-history-of-violence-should-preclude-bail-while-he-awaits-retrial-in-lancaster-bar/article_7d712222-f879-11ef-b084-3b84d36946b6.html); 12:LAWMAKER (https://www.observer-reporter.com/news/local-news/2025/mar/04/final-say-on-penn-state-campus-closures-might-not-involve-the-universitys-governing-board/); 33:THE WHITE HOUSE (https://pjmedia.com/paula-bolyard/2025/03/03/breaking-trump-halts-military-aid-to-ukraine-n4937527); 84:JUDGE (https://www.kptv.com/2025/03/04/former-oregon-youth-authority-counselor-gets-prison-time-having-sex-with-patient/); 173:MINNESOTA (https://www.newsweek.com/elon-musk-weighs-derek-chauvin-pardon-proposal-ben-shapiro-2039593); 174:IDAHO (https://www.koze.com/2025/03/04/little-directs-state-agencies-to-help-feds-further-increase-management-on-national-forests/); 40:AMERICAN (https://humanevents.com/2025/03/04/uk-pm-starmer-outlines-four-point-plan-for-ukraine-in-house-of-commons); 164:UNITED STATES (https://www.koreatimes.co.kr:443/www/nation/2025/03/120_393363.html); 42:UNITED STATES (https://www.psychiatrictimes.com/view/leadership-in-child-adolescent-psychiatry-in-conversation-with-vincenzo-di-nicola-mphil-md-phd-fcahs-dlfapa-dfcpa-facpsych); 51:UNITED STATES (https://www.local3news.com/local-news/decision-2025-chattanooga-s-fire-and-police-residency-requirements-what-voters-need-to-know/article_272150d0-f90b-11ef-9b5e-eb0105f8a8c5.html),"The halt of military aid to Ukraine (33) could escalate tensions, potentially leading to strikes. The case of Lamar Clark (172) also indicates a potential for violence.",1,1,1,0.9541155759230818,1
2025-03-17,0.65,12:EUROPE (https://www.thestar.com.my/aseanplus/aseanplus-news/2025/03/11/south-korean-kia-denies-responsibility-for-anti-musk-ad); 173:DEPUTY (https://www.nbcwashington.com/news/national-international/doj-official-says-was-fired-opposing-restoration-mel-gibsons-gun-rights/3863731/); 173:NEW YORK (https://www.heraldextra.com/top-headlines/2025/mar/10/trump-warns-that-arrest-of-palestinian-activist-at-columbia-will-be-first-of-many/); 43:RUSSIA (https://www.vizionplus.tv/shba-dhe-ukraina-diskutojne-ne-arabine-saudite-kremlini-thote-se-po-pret-te-informohet-nga-uashingtoni/); 841:IRAN (https://www.heritage.org/defense/report/missile-defense-review-the-united-states); 51:LOS ANGELES (https://www.redlandsdailyfacts.com/2025/03/11/former-rep-katie-porter-announces-bid-for-california-governor/); 51:RETIRED (https://profitline.hu/itt-a-friss-miniszteriumi-bejelentes-a-magyar-nyugdijak-igeretevel-471998); 141:BERGEN (https://hudsonreporter.com/news/north-bergen/dot-and-line-art-exhibition/); 43:MEXICO (https://www.desiblitz.com/content/what-are-the-top-travel-trends-for-spring-2025); 160:ADMINISTRATION (https://www.ksut.org/news/2025-03-11/stand-up-for-science-rallies-in-colorado-utah-support-federal-researchers-and-oppose-censorship),The events in Iran (missile defense review) and Russia (discussions with Ukraine) suggest potential geopolitical tensions that could lead to a strike event. The arrest of a Palestinian activist in New York also indicates rising tensions.,1,1,1,0.9541155759230818,1
2025-03-24,0.85,100:EUROPEAN (https://www.politico.eu/article/europe-leaders-vladimir-putin-foreign-affairs-dealmaker-white-house/); 43:HOSPITAL (https://www.news8000.com/news/local-news/fatal-crash-in-barron-county-claims-one-life-injures-two-others/article_312e68f6-042d-11f0-895f-735eb4821df9.html); 10:MEDIA (https://americanbazaaronline.com/2025/03/18/jeff-bezos-net-worth-2025-how-much-is-the-amazon-founder-worth-460851/); 42:GOVERNOR (https://www.yahoo.com/news/virginias-governor-again-odds-democrats-221336536.html); 190:HAMAS (https://www.rp.pl/konflikty-zbrojne/art41958151-wojna-wraca-do-strefy-gazy-izrael-znow-bombarduje-co-najmniej-326-ofiar); 36:UNITED STATES (https://www.koreatimes.co.kr:443/www/nation/2025/03/120_394424.html); 43:FRANCE (https://www.independent.co.uk/news/world/americas/us-politics/karoline-leavitt-statue-liberty-german-france-b2717119.html); 46:AMERICAN (https://thefrontierpost.com/trump-and-putin-to-hold-high-stakes-call-on-ukraine/); 40:RESIDENTS (https://www.stalbertgazette.com/national-business/ns-advocates-say-bill-to-allow-for-uranium-exploration-and-fracking-is-dangerous-10387417); 42:NEW ZEALAND (https://www.dailymail.co.uk/news/article-14422517/Los-Angeles-squalor-democrat-woke-policies.html),The high number of events related to HAMAS and the tensions between Putin and European leaders significantly increase the likelihood of a strike event in the coming week.,0,1,1,0.9516880006743809,1
2025-03-31,0.65,46:THAILAND (https://www.dailymail.co.uk/tvshowbiz/article-14535153/The-White-Lotus-fans-blown-away-just-realise-Sam-Nivolas-mum-is.html); 40:CANADA (https://vermontbiz.com/news/2025/march/26/welch-meets-vermont-business-and-farm-owners-patients-and-legislators); 13:NAVY (https://www.yahoo.com/news/dems-fume-over-war-plan-034417268.html); 46:CHAMBER (https://www.fox4news.com/news/fort-worth-city-council-new-chamber); 40:COMPANY (https://www.uschamber.com/international/as-tariffs-loom-one-business-prepares-for-multiple-scenarios); 112:A US (https://www.theguardian.com/us-news/2025/mar/25/pro-palestine-student-deportation-lawsuit); 10:UNITED STATES (https://screenrant.com/daredevil-ben-affleck-charlie-cox-mcu-crossover-art/); 100:UNITED STATES (http://www.sfchronicle.com/politics/article/donald-trump-biglaw-20239927.php); 130:ACTIVIST (https://finance.yahoo.com/news/jpmorgan-rebrands-dei-leaves-net-124500234.html); 30:UNITED STATES (https://www.tf1info.fr/international/guerre-en-ukraine-russie-que-contient-le-nouvel-accord-entre-kiev-et-moscou-sur-la-mer-noir-2361410.html),"The events related to 'NAVY' and 'ACTIVIST' are significant. The former indicates potential military tensions, while the latter suggests social unrest. Both could lead to strike events.",1,1,1,0.9541155759230818,1
2025-04-07,0.65,10:MIGRANT (https://nypost.com/2025/04/01/us-news/trump-admin-defends-arrest-of-kilmar-abrego-garcia-who-was-sent-to-el-salvadors-cecot-by-mistake/); 253:UNITED STATES (https://www.boston.com/news/local-news/2025/04/07/vermont-federal-judge-refuses-request-for-ice-to-release-detained-tufts-student-on-bail/); 40:HOUSE SPEAKER (https://www.idahopress.com/eyeonboise/senate-kills-idaho-state-tax-commission-budget-because-of-added-costs-for-school-choice-tax/article_f7f31b7f-a4b8-49c8-b517-2d53f2d5c19a.html); 10:GOVERNOR (https://www.dailymail.co.uk/news/article-14544573/andrew-tate-brother-lawsuit-bri-stern-abuse-defamation.html); 10:UNITED STATES (http://www.northescambia.com/2025/04/2desantis-proposes-1000-property-tax-rebate-for-floirda-homeowners); 114:UNITED STATES (https://www.kcrg.com/2025/04/01/criminal-complaint-confirms-details-unprovoked-assault-disabled-veteran-cedar-rapids/); 43:UNITED STATES (https://starherald.com/news/state-regional/government-politics/article_e2423a94-8bc7-588e-9352-3c621beb21da.html); 20:UNITED STATES (https://foxwilmington.com/trump-admin-withholds-millions-from-planned-parenthood-for-civil-rights-and-executive-order-violations-report/); 124:SUPREME COURT (https://www.yahoo.com/news/judiciary-employee-survey-shows-general-110035426.html); 100:ATTORNEY (https://www.gillettenewsrecord.com/news/local/article_9349d0dc-1c41-40e4-a3d4-1079fcff84a6.html),The events related to MIGRANT and UNITED STATES show a high level of tension and potential for conflict. The arrest of a migrant sent to El Salvador by mistake and the refusal to release a detained student could spark protests.,1,1,1,0.9541155759230818,1
2025-04-14,0.65,40:DEFENSE SECRETARY (https://www.yahoo.com/news/us-defense-secretary-credits-panama-171220955.html); 90:MEXICO (https://www.nbcnews.com/politics/national-security/trump-administration-weighs-drone-strikes-mexican-cartels-rcna198930); 214:AUTHORITIES (https://www.cubaheadlines.com/articles/300510); 10:UNITED STATES (https://foxbaltimore.com/news/project-baltimore/patriotism-on-pause-marine-hopeful-battles-his-school-over-missing-flags-gets-suspended-american-flag-baltimore-county-public-school-parker-jensen-maryland-police-charged); 43:GOVERNOR (https://whopam.com/2025/04/08/representative-dossett-talks-agriculture-bill-override/); 20:UNITED STATES (https://www.yahoo.com/news/bill-banning-dei-arkansas-local-003401024.html); 111:UNITED STATES (https://yaledailynews.com/blog/2025/04/08/avelo-to-carry-out-deportation-flights-citing-poor-performance-at-tweed-in-internal-email/); 10:PRESIDENT (https://dailycaller.com/2025/04/07/victor-davis-hanson-megyn-kelly-donald-trump-voters-tariffs/); 20:UNITED STATES (https://www.indiatvnews.com/news/world/trump-tariffs-latest-update-china-warns-of-countermeasures-after-trump-s-additional-50-percent-tariff-hike-threat-world-trade-wars-2025-04-08-984392); 111:OKLAHOMA (https://www.yahoo.com/news/source-numerous-high-level-state-114500379.html),The Trump administration considering drone strikes on Mexican cartels (90:MEXICO) and China's warning of countermeasures after Trump's tariff hike (20:UNITED STATES) suggest potential conflict escalation.,1,1,1,0.9541155759230818,1
2025-04-21,0.65,90:NEW JERSEY (https://us.cnn.com/2025/04/15/us/universities-responses-investigations-funding-freeze/); 40:COMMUNITY (https://www.wapt.com/article/black-maternal-health-week-begins/64479869); 10:COLLEGE (https://www.yahoo.com/news/denver-becomes-first-colorado-k-224802911.html); 10:GEORGETOWN (https://www.washingtoninformer.com/cedar-hill-regional-medical-3/); 193:UNITED STATES (https://kgnu.org/michael-clark-released/); 40:INDONESIA (https://en.antaranews.com/news/351873/indonesias-prabowo-orders-tariff-talks-with-us-to-safeguard-interests); 111:THE ASSOCIATED PRESS (https://theurbandaily.com/3683694/south-africas-new-special-envoy-to-the-u-s-called-trump-a-racist-homophobic-narcissist/); 80:ADMINISTRATION (https://www.cbsnews.com/news/autism-rate-cdc-study-2025/); 14:FRANCE (https://www.dailymail.co.uk/money/markets/article-14610525/LVMH-boost-production-America-cushion-blow-Donald-Trumps-tariffs.html); 42:BUSINESS (https://www.usforacle.com/2025/04/14/opinion-usf-library-renovations-are-much-needed-but-inconvenient/),"The events in New Jersey regarding university funding freezes and Indonesia's tariff talks with the US indicate potential unrest. Also, the criticism of the US administration by South Africa's envoy could escalate tensions.",1,1,1,0.9541155759230818,1
2025-04-28,0.65,"120:BLACK AFRICAN (https://www.medscape.com/viewarticle/stroke-mortality-trends-reveal-end-life-care-gaps-2025a10009lh); 51:SCHOOL (https://www.kshb.com/news/local-news/ill-always-remember-it-rockhurst-high-school-priest-recounts-meeting-pope-francis-in-rome); 20:PRESIDENT (https://bnr.bg/post/102146596/nova-ruska-ataka-sreshtu-odesa); 84:UNITED STATES (https://www.newsbug.info/iroquois_countys_times-republic/news/iroquois-county-sheriffs-police-reports/article_5a49bb6e-ceaf-4e60-8d2f-20bb3005758d.html); 190:CHINA (https://www.frontpagemag.com/how-do-you-wanna-fight-china/); 46:UNITED STATES (https://kcby.com/news/local/portland-police-unveil-fentanyl-related-drug-operation-multnomah-county-sheriff-fbi-district-attorney-opioid-crisis-addiction-overdose-recovery-bust-dealer-investigation); 153:TEXAS (https://www.chronline.com/stories/washington-state-bill-to-restrict-outside-national-guard-from-entering-state-is-signed-into-law,379248); 311:PROFESSOR (https://www.bakersfield.com/news/webinar-to-focus-on-tariffs-valley-ag-exports/article_160eaa8c-3562-4ef6-94af-7e673aa6d449.html); 193:POLICE (https://www.local3news.com/local-news/update-darryl-roberts-guilty-of-firearm-charge-2nd-degree-murder-in-2023-market-st-shooting/article_2036531c-5f1d-11ee-a2b5-8335de8ea99b.html); 12:ILLINOIS (https://www.bostonherald.com/2025/04/22/education-limbo/)","The events related to 'POLICE' and 'CHINA' are significant. The police event indicates potential unrest, and the China event suggests geopolitical tensions, both of which could lead to strikes.",1,1,1,0.9541155759230818,1
2025-05-05,0.65,173:INTERIOR MINIST (https://www.dailypioneer.com/2025/world/us-airstrike-kills-68-african-migrants--houthi-rebels.html); 84:UNITED STATES (https://www.britannica.com:443/topic/White-Stripes); 61:CHINA (http://www.bjreview.com.cn/Opinion/Pacific_Dialogue/202504/t20250427_800399878.html); 190:IMMIGRANT (https://www.denverpost.com/2025/04/29/colorado-springs-nightclub-raid-immigration-arrests-ice/); 71:AMERICAN (https://www.upi.com/Top_News/US/2025/04/29/american-airlines-jetblue-lawsuit/2311745950109/); 42:UNITED STATES (https://news.illinoisstate.edu/2025/04/graduating-redbirds-a-single-mother-corrections-officer-and-member-of-the-national-guard-creates-a-new-future-for-her-family/); 71:DEPARTMENT OF EDUCATION (https://www.sent-trib.com/2025/04/27/takeaways-from-trumps-first-100-days-steamrolling-government-and-strong-arming-allies/); 60:FLORIDA (https://www.prnewswire.com/news-releases/ima-medical-group-reinforces-its-commitment-during-healthcare-industry-transformation-302441583.html); 36:UNITED STATES (https://www.yahoo.com/news/sen-duckworth-backs-juliana-stratton-010400815.html); 180:UNITED STATES (https://www.yahoo.com/news/suspect-kfd-firefighter-murder-makes-230720474.html),"The event 'US airstrike kills 68 African migrants--Houthi rebels' indicates a high level of conflict, increasing the likelihood of future strikes. Additionally, the 'Pacific Dialogue' event with China suggests ongoing geopolitical tensions.",1,1,1,0.9541155759230818,1
